aar_latn_broad.tsv	aar	Afar	Afar	Latin		False	Broad	1559
aar_latn_narrow.tsv	aar	Afar	Afar	Latin		False	Narrow	1521
abk_cyrl_broad.tsv	abk	Abkhazian	Abkhaz	Cyrillic		False	Broad	141
abk_cyrl_narrow.tsv	abk	Abkhazian	Abkhaz	Cyrillic		False	Narrow	836
acw_arab_broad.tsv	acw	Hijazi Arabic	Hijazi Arabic	Arabic		False	Broad	1408
acw_arab_narrow.tsv	acw	Hijazi Arabic	Hijazi Arabic	Arabic		False	Narrow	419
ady_cyrl_narrow.tsv	ady	Adyghe	Adyghe	Cyrillic		False	Narrow	5116
ady_cyrl_narrow_filtered.tsv	ady	Adyghe	Adyghe	Cyrillic		True	Narrow	4890
afb_arab_broad.tsv	afb	Gulf Arabic	Gulf Arabic	Arabic		False	Broad	661
afr_latn_broad.tsv	afr	Afrikaans	Afrikaans	Latin		False	Broad	2003
afr_latn_broad_filtered.tsv	afr	Afrikaans	Afrikaans	Latin		True	Broad	1963
afr_latn_narrow.tsv	afr	Afrikaans	Afrikaans	Latin		False	Narrow	131
aii_syrc_narrow.tsv	aii	Assyrian Neo-Aramaic	Assyrian Neo-Aramaic	Syriac		False	Narrow	3508
ajp_arab_broad.tsv	ajp	South Levantine Arabic	South Levantine Arabic	Arabic		False	Broad	3116
ajp_arab_narrow.tsv	ajp	South Levantine Arabic	South Levantine Arabic	Arabic		False	Narrow	3138
akk_latn_broad.tsv	akk	Akkadian	Akkadian	Latin		False	Broad	539
ale_latn_broad.tsv	ale	Aleut	Aleut	Latin		False	Broad	113
amh_ethi_broad.tsv	amh	Amharic	Amharic	Ethiopic		False	Broad	341
ang_latn_broad.tsv	ang	Old English (ca. 450-1100)	Old English	Latin		False	Broad	10871
ang_latn_narrow.tsv	ang	Old English (ca. 450-1100)	Old English	Latin		False	Narrow	5495
aot_latn_broad.tsv	aot	Atong (India)	Atong (India)	Latin		False	Broad	181
apw_latn_narrow.tsv	apw	Western Apache	Western Apache	Latin		False	Narrow	147
ara_arab_broad.tsv	ara	Arabic	Arabic	Arabic		False	Broad	11006
ara_arab_narrow.tsv	ara	Arabic	Arabic	Arabic		False	Narrow	116
arc_hebr_broad.tsv	arc	Official Aramaic (700-300 BCE)	Aramaic	Hebrew		False	Broad	1164
arg_latn_broad.tsv	arg	Aragonese	Aragonese	Latin		False	Broad	145
ary_arab_broad.tsv	ary	Moroccan Arabic	Moroccan Arabic	Arabic		False	Broad	2027
arz_arab_broad.tsv	arz	Egyptian Arabic	Egyptian Arabic	Arabic		False	Broad	187
asm_beng_broad.tsv	asm	Assamese	Assamese	Bengali		False	Broad	2872
ast_latn_broad.tsv	ast	Asturian	Asturian	Latin		False	Broad	794
ast_latn_narrow.tsv	ast	Asturian	Asturian	Latin		False	Narrow	787
ayl_arab_broad.tsv	ayl	Libyan Arabic	Libyan Arabic	Arabic		False	Broad	163
aze_latn_broad.tsv	aze	Azerbaijani	Azerbaijani	Latin		False	Broad	347
aze_latn_narrow.tsv	aze	Azerbaijani	Azerbaijani	Latin		False	Narrow	3881
aze_latn_narrow_filtered.tsv	aze	Azerbaijani	Azerbaijani	Latin		True	Narrow	3340
bak_cyrl_broad.tsv	bak	Bashkir	Bashkir	Cyrillic		False	Broad	117
bak_cyrl_narrow.tsv	bak	Bashkir	Bashkir	Cyrillic		False	Narrow	2149
ban_bali_broad.tsv	ban	Balinese	Balinese	Balinese		False	Broad	318
bar_latn_broad.tsv	bar	Bavarian	Bavarian	Latin		False	Broad	522
bbl_geor_broad.tsv	bbl	Bats	Bats	Georgian		False	Broad	124
bbn_latn_broad.tsv	bbn	Uneapa	Uneapa	Latin		False	Broad	191
bcl_latn_broad.tsv	bcl	Central Bikol	Bikol Central	Latin		False	Broad	4545
bcl_latn_narrow.tsv	bcl	Central Bikol	Bikol Central	Latin		False	Narrow	4541
bdq_latn_broad.tsv	bdq	Bahnar	Bahnar	Latin		False	Broad	193
bel_cyrl_narrow.tsv	bel	Belarusian	Belarusian	Cyrillic		False	Narrow	4055
ben_beng_broad.tsv	ben	Bengali	Bengali	Bengali		False	Broad	6120
ben_beng_narrow.tsv	ben	Bengali	Bengali	Bengali		False	Narrow	5277
bjb_latn_broad.tsv	bjb	Banggarla	Barngarla	Latin		False	Broad	136
blt_tavt_narrow.tsv	blt	Tai Dam	Tai Dam	Tai Viet		False	Narrow	233
bod_tibt_broad.tsv	bod	Tibetan	Tibetan	Tibetan		False	Broad	2562
bre_latn_broad.tsv	bre	Breton	Breton	Latin		False	Broad	759
bua_cyrl_broad.tsv	bua	Buriat	Buryat	Cyrillic		False	Broad	107
bua_cyrl_narrow.tsv	bua	Buriat	Buryat	Cyrillic		False	Narrow	109
bul_cyrl_narrow.tsv	bul	Bulgarian	Bulgarian	Cyrillic		False	Narrow	40769
cat_latn_broad.tsv	cat	Catalan	Catalan	Latin		False	Broad	80942
cbn_thai_broad.tsv	cbn	Nyahkur	Nyah Kur	Thai		False	Broad	151
ceb_latn_broad.tsv	ceb	Cebuano	Cebuano	Latin		False	Broad	2731
ceb_latn_narrow.tsv	ceb	Cebuano	Cebuano	Latin		False	Narrow	2587
ces_latn_narrow.tsv	ces	Czech	Czech	Latin		False	Narrow	42137
chb_latn_broad.tsv	chb	Chibcha	Chibcha	Latin		False	Broad	122
che_cyrl_broad.tsv	che	Chechen	Chechen	Cyrillic		False	Broad	154
cho_latn_broad.tsv	cho	Choctaw	Choctaw	Latin		False	Broad	120
chr_cher_broad.tsv	chr	Cherokee	Cherokee	Cherokee		False	Broad	102
cic_latn_broad.tsv	cic	Chickasaw	Chickasaw	Latin		False	Broad	286
ckb_arab_broad.tsv	ckb	Central Kurdish	Central Kurdish	Arabic		False	Broad	135
cnk_latn_broad.tsv	cnk	Khumi Chin	Khumi Chin	Latin		False	Broad	350
cop_copt_broad.tsv	cop	Coptic	Coptic	Coptic		False	Broad	800
cor_latn_broad.tsv	cor	Cornish	Cornish	Latin		False	Broad	154
cor_latn_narrow.tsv	cor	Cornish	Cornish	Latin		False	Narrow	703
cos_latn_broad.tsv	cos	Corsican	Corsican	Latin		False	Broad	462
crk_latn_broad.tsv	crk	Plains Cree	Plains Cree	Latin		False	Broad	109
crk_latn_narrow.tsv	crk	Plains Cree	Plains Cree	Latin		False	Narrow	143
crx_cans_broad.tsv	crx	Carrier	Carrier	Canadian Aboriginal		False	Broad	175
csb_latn_broad.tsv	csb	Kashubian	Kashubian	Latin		False	Broad	512
cym_latn_nw_broad.tsv	cym	Welsh	Welsh	Latin	North Wales	False	Broad	12799
cym_latn_nw_broad_filtered.tsv	cym	Welsh	Welsh	Latin	North Wales	True	Broad	12716
cym_latn_nw_narrow.tsv	cym	Welsh	Welsh	Latin	North Wales	False	Narrow	857
cym_latn_sw_broad.tsv	cym	Welsh	Welsh	Latin	South Wales	False	Broad	14472
cym_latn_sw_broad_filtered.tsv	cym	Welsh	Welsh	Latin	South Wales	True	Broad	14339
cym_latn_sw_narrow.tsv	cym	Welsh	Welsh	Latin	South Wales	False	Narrow	901
dan_latn_broad.tsv	dan	Danish	Danish	Latin		False	Broad	4565
dan_latn_narrow.tsv	dan	Danish	Danish	Latin		False	Narrow	8311
deu_latn_broad.tsv	deu	German	German	Latin		False	Broad	46486
deu_latn_broad_filtered.tsv	deu	German	German	Latin		True	Broad	44624
deu_latn_narrow.tsv	deu	German	German	Latin		False	Narrow	15337
div_thaa_broad.tsv	div	Dhivehi	Dhivehi	Thaana		False	Broad	1518
div_thaa_narrow.tsv	div	Dhivehi	Dhivehi	Thaana		False	Narrow	1608
dlm_latn_broad.tsv	dlm	Dalmatian	Dalmatian	Latin		False	Broad	178
dng_cyrl_broad.tsv	dng	Dungan	Dungan	Cyrillic		False	Broad	252
dsb_latn_broad.tsv	dsb	Lower Sorbian	Lower Sorbian	Latin		False	Broad	2202
dsb_latn_narrow.tsv	dsb	Lower Sorbian	Lower Sorbian	Latin		False	Narrow	1422
dum_latn_broad.tsv	dum	Middle Dutch (ca. 1050-1350)	Middle Dutch	Latin		False	Broad	212
dzo_tibt_broad.tsv	dzo	Dzongkha	Dzongkha	Tibetan		False	Broad	212
egy_latn_broad.tsv	egy	Egyptian (Ancient)	Egyptian	Latin		False	Broad	3682
ell_grek_broad.tsv	ell	Modern Greek (1453-)	Greek	Greek		False	Broad	14933
ell_grek_broad_filtered.tsv	ell	Modern Greek (1453-)	Greek	Greek		True	Broad	14526
ell_grek_narrow.tsv	ell	Modern Greek (1453-)	Greek	Greek		False	Narrow	337
eng_latn_uk_broad.tsv	eng	English	English	Latin	UK, Received Pronunciation	False	Broad	77474
eng_latn_uk_broad_filtered.tsv	eng	English	English	Latin	UK, Received Pronunciation	True	Broad	76849
eng_latn_uk_narrow.tsv	eng	English	English	Latin	UK, Received Pronunciation	False	Narrow	1738
eng_latn_us_broad.tsv	eng	English	English	Latin	US, General American	False	Broad	75751
eng_latn_us_broad_filtered.tsv	eng	English	English	Latin	US, General American	True	Broad	75105
eng_latn_us_narrow.tsv	eng	English	English	Latin	US, General American	False	Narrow	2423
enm_latn_broad.tsv	enm	Middle English (1100-1500)	Middle English	Latin		False	Broad	10412
epo_latn_broad.tsv	epo	Esperanto	Esperanto	Latin		False	Broad	4075
epo_latn_narrow.tsv	epo	Esperanto	Esperanto	Latin		False	Narrow	15738
est_latn_broad.tsv	est	Estonian	Estonian	Latin		False	Broad	1292
est_latn_narrow.tsv	est	Estonian	Estonian	Latin		False	Narrow	594
ett_ital_broad.tsv	ett	Etruscan	Etruscan	Old Italic		False	Broad	207
eus_latn_broad.tsv	eus	Basque	Basque	Latin		False	Broad	7263
eus_latn_narrow.tsv	eus	Basque	Basque	Latin		False	Narrow	7251
evn_cyrl_broad.tsv	evn	Evenki	Evenki	Cyrillic		False	Broad	124
ewe_latn_broad.tsv	ewe	Ewe	Ewe	Latin		False	Broad	126
fao_latn_broad.tsv	fao	Faroese	Faroese	Latin		False	Broad	1893
fao_latn_narrow.tsv	fao	Faroese	Faroese	Latin		False	Narrow	1170
fas_arab_broad.tsv	fas	Persian	Persian	Arabic		False	Broad	3207
fas_arab_narrow.tsv	fas	Persian	Persian	Arabic		False	Narrow	21730
fax_latn_broad.tsv	fax	Fala	Fala	Latin		False	Broad	490
fin_latn_broad.tsv	fin	Finnish	Finnish	Latin		False	Broad	155339
fin_latn_narrow.tsv	fin	Finnish	Finnish	Latin		False	Narrow	155331
fra_latn_broad.tsv	fra	French	French	Latin		False	Broad	78045
fra_latn_broad_filtered.tsv	fra	French	French	Latin		True	Broad	77862
fra_latn_narrow.tsv	fra	French	French	Latin		False	Narrow	237
fro_latn_broad.tsv	fro	Old French (842-ca. 1400)	Old French	Latin		False	Broad	884
frr_latn_broad.tsv	frr	Northern Frisian	North Frisian	Latin		False	Broad	167
fry_latn_broad.tsv	fry	Western Frisian	West Frisian	Latin		False	Broad	1039
gla_latn_broad.tsv	gla	Scottish Gaelic	Scottish Gaelic	Latin		False	Broad	2947
gla_latn_narrow.tsv	gla	Scottish Gaelic	Scottish Gaelic	Latin		False	Narrow	149
gle_latn_broad.tsv	gle	Irish	Irish	Latin		False	Broad	13287
gle_latn_narrow.tsv	gle	Irish	Irish	Latin		False	Narrow	1592
glg_latn_broad.tsv	glg	Galician	Galician	Latin		False	Broad	4902
glg_latn_narrow.tsv	glg	Galician	Galician	Latin		False	Narrow	3957
glv_latn_broad.tsv	glv	Manx	Manx	Latin		False	Broad	200
glv_latn_narrow.tsv	glv	Manx	Manx	Latin		False	Narrow	129
gml_latn_broad.tsv	gml	Middle Low German	Middle Low German	Latin		False	Broad	171
goh_latn_broad.tsv	goh	Old High German (ca. 750-1050)	Old High German	Latin		False	Broad	142
got_goth_broad.tsv	got	Gothic	Gothic	Gothic		False	Broad	1766
got_goth_narrow.tsv	got	Gothic	Gothic	Gothic		False	Narrow	379
grc_grek_broad.tsv	grc	Ancient Greek (to 1453)	Ancient Greek	Greek		False	Broad	113530
grn_latn_broad.tsv	grn	Guarani	Guaraní	Latin		False	Broad	185
gsw_latn_broad.tsv	gsw	Swiss German	Alemannic German	Latin		False	Broad	466
guj_gujr_broad.tsv	guj	Gujarati	Gujarati	Gujarati		False	Broad	764
gur_latn_broad.tsv	gur	Farefare	Farefare	Latin		False	Broad	101
guw_latn_broad.tsv	guw	Gun	Gun	Latin		False	Broad	663
hat_latn_broad.tsv	hat	Haitian	Haitian Creole	Latin		False	Broad	126
hau_latn_broad.tsv	hau	Hausa	Hausa	Latin		False	Broad	1927
hau_latn_narrow.tsv	hau	Hausa	Hausa	Latin		False	Narrow	1902
haw_latn_broad.tsv	haw	Hawaiian	Hawaiian	Latin		False	Broad	682
haw_latn_narrow.tsv	haw	Hawaiian	Hawaiian	Latin		False	Narrow	742
hbs_cyrl_broad.tsv	hbs	Serbo-Croatian	Serbo-Croatian	Cyrillic		False	Broad	22938
hbs_cyrl_broad_filtered.tsv	hbs	Serbo-Croatian	Serbo-Croatian	Cyrillic		True	Broad	22718
hbs_latn_broad.tsv	hbs	Serbo-Croatian	Serbo-Croatian	Latin		False	Broad	24284
hbs_latn_broad_filtered.tsv	hbs	Serbo-Croatian	Serbo-Croatian	Latin		True	Broad	23922
heb_hebr_broad.tsv	heb	Hebrew	Hebrew	Hebrew		False	Broad	1831
heb_hebr_narrow.tsv	heb	Hebrew	Hebrew	Hebrew		False	Narrow	210
hil_latn_broad.tsv	hil	Hiligaynon	Hiligaynon	Latin		False	Broad	248
hil_latn_narrow.tsv	hil	Hiligaynon	Hiligaynon	Latin		False	Narrow	228
hin_deva_broad.tsv	hin	Hindi	Hindi	Devanagari		False	Broad	21374
hin_deva_broad_filtered.tsv	hin	Hindi	Hindi	Devanagari		True	Broad	20785
hin_deva_narrow.tsv	hin	Hindi	Hindi	Devanagari		False	Narrow	18193
hrx_latn_broad.tsv	hrx	Hunsrik	Hunsrik	Latin		False	Broad	1586
hsb_latn_broad.tsv	hsb	Upper Sorbian	Upper Sorbian	Latin		False	Broad	158
hsb_latn_narrow.tsv	hsb	Upper Sorbian	Upper Sorbian	Latin		False	Narrow	129
hts_latn_broad.tsv	hts	Hadza	Hadza	Latin		False	Broad	306
hun_latn_narrow.tsv	hun	Hungarian	Hungarian	Latin		False	Narrow	61140
hun_latn_narrow_filtered.tsv	hun	Hungarian	Hungarian	Latin		True	Narrow	61073
huu_latn_narrow.tsv	huu	Murui Huitoto	Murui Huitoto	Latin		False	Narrow	216
hye_armn_e_narrow.tsv	hye	Armenian	Armenian	Armenian	Eastern Armenian, standard	False	Narrow	27922
hye_armn_e_narrow_filtered.tsv	hye	Armenian	Armenian	Armenian	Eastern Armenian, standard	True	Narrow	26792
hye_armn_w_narrow.tsv	hye	Armenian	Armenian	Armenian	Western Armenian, standard	False	Narrow	27922
hye_armn_w_narrow_filtered.tsv	hye	Armenian	Armenian	Armenian	Western Armenian, standard	True	Narrow	26660
iba_latn_broad.tsv	iba	Iban	Iban	Latin		False	Broad	371
iba_latn_narrow.tsv	iba	Iban	Iban	Latin		False	Narrow	159
ido_latn_broad.tsv	ido	Ido	Ido	Latin		False	Broad	7851
ilo_latn_broad.tsv	ilo	Iloko	Ilocano	Latin		False	Broad	735
ilo_latn_narrow.tsv	ilo	Iloko	Ilocano	Latin		False	Narrow	644
ina_latn_broad.tsv	ina	Interlingua (International Auxiliary Language Association)	Interlingua	Latin		False	Broad	281
ind_latn_broad.tsv	ind	Indonesian	Indonesian	Latin		False	Broad	4294
ind_latn_narrow.tsv	ind	Indonesian	Indonesian	Latin		False	Narrow	5809
inh_cyrl_broad.tsv	inh	Ingush	Ingush	Cyrillic		False	Broad	146
isl_latn_broad.tsv	isl	Icelandic	Icelandic	Latin		False	Broad	9719
isl_latn_broad_filtered.tsv	isl	Icelandic	Icelandic	Latin		True	Broad	9659
isl_latn_narrow.tsv	isl	Icelandic	Icelandic	Latin		False	Narrow	415
ita_latn_broad.tsv	ita	Italian	Italian	Latin		False	Broad	77423
ita_latn_broad_filtered.tsv	ita	Italian	Italian	Latin		True	Broad	77299
izh_latn_broad.tsv	izh	Ingrian	Ingrian	Latin		False	Broad	5416
izh_latn_narrow.tsv	izh	Ingrian	Ingrian	Latin		False	Narrow	8999
jam_latn_broad.tsv	jam	Jamaican Creole English	Jamaican Creole	Latin		False	Broad	194
jav_java_broad.tsv	jav	Javanese	Javanese	Javanese		False	Broad	254
jje_hang_broad.tsv	jje	Jejueo	Jeju	Hangul		False	Broad	835
jpn_hira_narrow.tsv	jpn	Japanese	Japanese	Hiragana		False	Narrow	17141
jpn_hira_narrow_filtered.tsv	jpn	Japanese	Japanese	Hiragana		True	Narrow	17004
jpn_kana_narrow.tsv	jpn	Japanese	Japanese	Katakana		False	Narrow	4075
jpn_kana_narrow_filtered.tsv	jpn	Japanese	Japanese	Katakana		True	Narrow	3763
kal_latn_broad.tsv	kal	Kalaallisut	Greenlandic	Latin		False	Broad	183
kal_latn_narrow.tsv	kal	Kalaallisut	Greenlandic	Latin		False	Narrow	142
kan_knda_broad.tsv	kan	Kannada	Kannada	Kannada		False	Broad	354
kas_arab_broad.tsv	kas	Kashmiri	Kashmiri	Arabic		False	Broad	434
kas_arab_narrow.tsv	kas	Kashmiri	Kashmiri	Arabic		False	Narrow	253
kas_deva_broad.tsv	kas	Kashmiri	Kashmiri	Devanagari		False	Broad	113
kat_geor_narrow.tsv	kat	Georgian	Georgian	Georgian		False	Narrow	16243
kaw_latn_broad.tsv	kaw	Kawi	Old Javanese	Latin		False	Broad	275
kaz_cyrl_broad.tsv	kaz	Kazakh	Kazakh	Cyrillic		False	Broad	224
kaz_cyrl_narrow.tsv	kaz	Kazakh	Kazakh	Cyrillic		False	Narrow	1331
kbd_cyrl_narrow.tsv	kbd	Kabardian	Kabardian	Cyrillic		False	Narrow	860
kgp_latn_broad.tsv	kgp	Kaingang	Kaingang	Latin		False	Broad	108
khb_talu_broad.tsv	khb	Lü	Lü	New Tai Lue		False	Broad	491
khm_khmr_broad.tsv	khm	Khmer	Khmer	Khmer		False	Broad	8533
khm_khmr_broad_filtered.tsv	khm	Khmer	Khmer	Khmer		True	Broad	8518
kik_latn_broad.tsv	kik	Kikuyu	Kikuyu	Latin		False	Broad	1156
kir_cyrl_broad.tsv	kir	Kirghiz	Kyrgyz	Cyrillic		False	Broad	560
kir_cyrl_narrow.tsv	kir	Kirghiz	Kyrgyz	Cyrillic		False	Narrow	144
kld_latn_broad.tsv	kld	Gamilaraay	Gamilaraay	Latin		False	Broad	507
klj_latn_narrow.tsv	klj	Khalaj	Khalaj	Latin		False	Narrow	1375
kmr_latn_broad.tsv	kmr	Northern Kurdish	Northern Kurdish	Latin		False	Broad	2094
koi_cyrl_broad.tsv	koi	Komi-Permyak	Komi-Permyak	Cyrillic		False	Broad	178
koi_cyrl_narrow.tsv	koi	Komi-Permyak	Komi-Permyak	Cyrillic		False	Narrow	175
kok_deva_broad.tsv	kok	Konkani (macrolanguage)	Konkani	Devanagari		False	Broad	172
kor_hang_narrow.tsv	kor	Korean	Korean	Hangul		False	Narrow	25178
kor_hang_narrow_filtered.tsv	kor	Korean	Korean	Hangul		True	Narrow	21538
kpv_cyrl_broad.tsv	kpv	Komi-Zyrian	Komi-Zyrian	Cyrillic		False	Broad	829
kpv_cyrl_narrow.tsv	kpv	Komi-Zyrian	Komi-Zyrian	Cyrillic		False	Narrow	789
krl_latn_broad.tsv	krl	Karelian	Karelian	Latin		False	Broad	223
ksw_mymr_broad.tsv	ksw	S'gaw Karen	S'gaw Karen	Myanmar		False	Broad	139
ktz_latn_broad.tsv	ktz	Juǀʼhoan	Juǀ'hoan	Latin		False	Broad	131
kwk_latn_broad.tsv	kwk	Kwakiutl	Kwak'wala	Latin		False	Broad	107
kxd_latn_broad.tsv	kxd	Brunei	Brunei Malay	Latin		False	Broad	350
kyu_kali_broad.tsv	kyu	Western Kayah	Western Kayah	Kayah Li		False	Broad	128
lad_latn_broad.tsv	lad	Ladino	Ladino	Latin		False	Broad	114
lao_laoo_narrow.tsv	lao	Lao	Lao	Lao		False	Narrow	4014
lat_latn_clas_broad.tsv	lat	Latin	Latin	Latin	Classical	False	Broad	36066
lat_latn_clas_broad_filtered.tsv	lat	Latin	Latin	Latin	Classical	True	Broad	35200
lat_latn_clas_narrow.tsv	lat	Latin	Latin	Latin	Classical	False	Narrow	36068
lat_latn_eccl_broad.tsv	lat	Latin	Latin	Latin	Ecclesiastical	False	Broad	34974
lat_latn_eccl_narrow.tsv	lat	Latin	Latin	Latin	Ecclesiastical	False	Narrow	35564
lav_latn_narrow.tsv	lav	Latvian	Latvian	Latin		False	Narrow	1320
lav_latn_narrow_filtered.tsv	lav	Latvian	Latvian	Latin		True	Narrow	1221
lif_limb_broad.tsv	lif	Limbu	Limbu	Limbu		False	Broad	108
lij_latn_broad.tsv	lij	Ligurian	Ligurian	Latin		False	Broad	815
lim_latn_broad.tsv	lim	Limburgan	Limburgish	Latin		False	Broad	783
lim_latn_narrow.tsv	lim	Limburgan	Limburgish	Latin		False	Narrow	215
lit_latn_broad.tsv	lit	Lithuanian	Lithuanian	Latin		False	Broad	356
lit_latn_narrow.tsv	lit	Lithuanian	Lithuanian	Latin		False	Narrow	12719
liv_latn_broad.tsv	liv	Liv	Livonian	Latin		False	Broad	378
lmo_latn_broad.tsv	lmo	Lombard	Lombard	Latin		False	Broad	469
lmo_latn_narrow.tsv	lmo	Lombard	Lombard	Latin		False	Narrow	383
lmy_latn_narrow.tsv	lmy	Lamboya	Laboya	Latin		False	Narrow	129
lou_latn_broad.tsv	lou	Louisiana Creole	Louisiana Creole	Latin		False	Broad	213
lsi_latn_broad.tsv	lsi	Lashi	Lashi	Latin		False	Broad	324
ltg_latn_narrow.tsv	ltg	Latgalian	Latgalian	Latin		False	Narrow	389
ltz_latn_broad.tsv	ltz	Luxembourgish	Luxembourgish	Latin		False	Broad	4048
ltz_latn_narrow.tsv	ltz	Luxembourgish	Luxembourgish	Latin		False	Narrow	2517
lut_latn_broad.tsv	lut	Lushootseed	Lushootseed	Latin		False	Broad	116
lwl_thai_broad.tsv	lwl	Eastern Lawa	Eastern Lawa	Thai		False	Broad	253
lzz_geor_broad.tsv	lzz	Laz	Laz	Georgian		False	Broad	303
mah_latn_broad.tsv	mah	Marshallese	Marshallese	Latin		False	Broad	947
mah_latn_narrow.tsv	mah	Marshallese	Marshallese	Latin		False	Narrow	1564
mai_deva_narrow.tsv	mai	Maithili	Maithili	Devanagari		False	Narrow	166
mak_latn_narrow.tsv	mak	Makasar	Makasar	Latin		False	Narrow	433
mal_mlym_broad.tsv	mal	Malayalam	Malayalam	Malayalam		False	Broad	5808
mal_mlym_narrow.tsv	mal	Malayalam	Malayalam	Malayalam		False	Narrow	318
mar_deva_broad.tsv	mar	Marathi	Marathi	Devanagari		False	Broad	2495
mar_deva_narrow.tsv	mar	Marathi	Marathi	Devanagari		False	Narrow	552
mch_latn_narrow.tsv	mch	Maquiritari	Maquiritari	Latin		False	Narrow	1450
mdf_cyrl_broad.tsv	mdf	Moksha	Moksha	Cyrillic		False	Broad	124
mfe_latn_broad.tsv	mfe	Morisyen	Mauritian Creole	Latin		False	Broad	206
mga_latn_broad.tsv	mga	Middle Irish (900-1200)	Middle Irish	Latin		False	Broad	304
mic_latn_broad.tsv	mic	Mi'kmaq	Mi'kmaq	Latin		False	Broad	195
mic_latn_narrow.tsv	mic	Mi'kmaq	Mi'kmaq	Latin		False	Narrow	193
mkd_cyrl_narrow.tsv	mkd	Macedonian	Macedonian	Cyrillic		False	Narrow	61366
mlg_latn_broad.tsv	mlg	Malagasy	Malagasy	Latin		False	Broad	186
mlt_latn_broad.tsv	mlt	Maltese	Maltese	Latin		False	Broad	18353
mlt_latn_broad_filtered.tsv	mlt	Maltese	Maltese	Latin		True	Broad	18273
mnc_mong_narrow.tsv	mnc	Manchu	Manchu	Mongolian		False	Narrow	1451
mnw_mymr_broad.tsv	mnw	Mon	Mon	Myanmar		False	Broad	1156
mon_cyrl_broad.tsv	mon	Mongolian	Mongolian	Cyrillic		False	Broad	3479
mon_cyrl_narrow.tsv	mon	Mongolian	Mongolian	Cyrillic		False	Narrow	705
mqs_latn_broad.tsv	mqs	West Makian	West Makian	Latin		False	Broad	794
msa_arab_ara_broad.tsv	msa	Malay (macrolanguage)	Malay	Arabic		False	Broad	628
msa_arab_ara_narrow.tsv	msa	Malay (macrolanguage)	Malay	Arabic		False	Narrow	220
msa_arab_broad.tsv	msa	Malay (macrolanguage)	Malay	Arabic		False	Broad	656
msa_arab_narrow.tsv	msa	Malay (macrolanguage)	Malay	Arabic		False	Narrow	209
msa_latn_broad.tsv	msa	Malay (macrolanguage)	Malay	Latin		False	Broad	2992
msa_latn_narrow.tsv	msa	Malay (macrolanguage)	Malay	Latin		False	Narrow	945
mtq_latn_broad.tsv	mtq	Muong	Muong	Latin		False	Broad	130
mww_latn_broad.tsv	mww	Hmong Daw	White Hmong	Latin		False	Broad	301
mya_mymr_broad.tsv	mya	Burmese	Burmese	Myanmar		False	Broad	6067
mya_mymr_broad_filtered.tsv	mya	Burmese	Burmese	Myanmar		True	Broad	6056
nan_hani_xi_broad.tsv	nan	Min Nan Chinese	Min Nan	Han	Xiamen	False	Broad	45378
nap_latn_broad.tsv	nap	Neapolitan	Neapolitan	Latin		False	Broad	203
nap_latn_narrow.tsv	nap	Neapolitan	Neapolitan	Latin		False	Narrow	458
nav_latn_broad.tsv	nav	Navajo	Navajo	Latin		False	Broad	311
nci_latn_broad.tsv	nci	Classical Nahuatl	Classical Nahuatl	Latin		False	Broad	854
nci_latn_narrow.tsv	nci	Classical Nahuatl	Classical Nahuatl	Latin		False	Narrow	1435
nds_latn_broad.tsv	nds	Low German	Low German	Latin		False	Broad	204
nep_deva_narrow.tsv	nep	Nepali (macrolanguage)	Nepali	Devanagari		False	Narrow	1927
new_deva_narrow.tsv	new	Newari	Newar	Devanagari		False	Narrow	415
nhg_latn_narrow.tsv	nhg	Tetelcingo Nahuatl	Tetelcingo Nahuatl	Latin		False	Narrow	305
nhn_latn_broad.tsv	nhn	Central Nahuatl	Central Nahuatl	Latin		False	Broad	134
nhx_latn_broad.tsv	nhx	Isthmus-Mecayapan Nahuatl	Mecayapan Nahuatl	Latin		False	Broad	146
niv_cyrl_broad.tsv	niv	Gilyak	Nivkh	Cyrillic		False	Broad	131
nld_latn_broad.tsv	nld	Dutch	Dutch	Latin		False	Broad	39945
nld_latn_broad_filtered.tsv	nld	Dutch	Dutch	Latin		True	Broad	39873
nld_latn_narrow.tsv	nld	Dutch	Dutch	Latin		False	Narrow	692
nmy_latn_narrow.tsv	nmy	Namuyi	Namuyi	Latin		False	Narrow	369
nno_latn_broad.tsv	nno	Norwegian Nynorsk	Norwegian Nynorsk	Latin		False	Broad	4423
nno_latn_narrow.tsv	nno	Norwegian Nynorsk	Norwegian Nynorsk	Latin		False	Narrow	902
nob_latn_broad.tsv	nob	Norwegian Bokmål	Norwegian Bokmål	Latin		False	Broad	3153
nob_latn_broad_filtered.tsv	nob	Norwegian Bokmål	Norwegian Bokmål	Latin		True	Broad	2103
nob_latn_narrow.tsv	nob	Norwegian Bokmål	Norwegian Bokmål	Latin		False	Narrow	643
non_latn_broad.tsv	non	Old Norse	Old Norse	Latin		False	Broad	196
nor_latn_broad.tsv	nor	Norwegian	Norwegian	Latin		False	Broad	1540
nrf_latn_broad.tsv	nrf	Jèrriais	Norman	Latin		False	Broad	188
nup_latn_broad.tsv	nup	Nupe-Nupe-Tako	Nupe	Latin		False	Broad	457
nya_latn_broad.tsv	nya	Nyanja	Chichewa	Latin		False	Broad	826
oci_latn_broad.tsv	oci	Occitan (post 1500)	Occitan	Latin		False	Broad	508
oci_latn_narrow.tsv	oci	Occitan (post 1500)	Occitan	Latin		False	Narrow	347
ofs_latn_broad.tsv	ofs	Old Frisian	Old Frisian	Latin		False	Broad	174
okm_hang_broad.tsv	okm	Middle Korean (10th-16th cent.)	Middle Korean	Hangul		False	Broad	568
okm_hang_narrow.tsv	okm	Middle Korean (10th-16th cent.)	Middle Korean	Hangul		False	Narrow	217
olo_latn_broad.tsv	olo	Livvi	Livvi	Latin		False	Broad	224
ori_orya_broad.tsv	ori	Oriya (macrolanguage)	Oriya	Oriya		False	Broad	569
orv_cyrl_broad.tsv	orv	Old Russian	Old East Slavic	Cyrillic		False	Broad	708
osp_latn_broad.tsv	osp	Old Spanish	Old Spanish	Latin		False	Broad	593
osx_latn_broad.tsv	osx	Old Saxon	Old Saxon	Latin		False	Broad	231
ota_arab_broad.tsv	ota	Ottoman Turkish (1500-1928)	Ottoman Turkish	Arabic		False	Broad	165
ota_arab_narrow.tsv	ota	Ottoman Turkish (1500-1928)	Ottoman Turkish	Arabic		False	Narrow	176
pag_latn_broad.tsv	pag	Pangasinan	Pangasinan	Latin		False	Broad	209
pag_latn_narrow.tsv	pag	Pangasinan	Pangasinan	Latin		False	Narrow	205
pam_latn_broad.tsv	pam	Pampanga	Kapampangan	Latin		False	Broad	535
pam_latn_narrow.tsv	pam	Pampanga	Kapampangan	Latin		False	Narrow	535
pan_arab_broad.tsv	pan	Panjabi	Punjabi	Arabic		False	Broad	382
pan_guru_broad.tsv	pan	Panjabi	Punjabi	Gurmukhi		False	Broad	603
pbv_latn_broad.tsv	pbv	Pnar	Pnar	Latin		False	Broad	101
pcc_latn_broad.tsv	pcc	Bouyei	Bouyei	Latin		False	Broad	134
pdc_latn_broad.tsv	pdc	Pennsylvania German	Pennsylvania German	Latin		False	Broad	166
phl_latn_broad.tsv	phl	Phalura	Phalura	Latin		False	Broad	2247
pjt_latn_narrow.tsv	pjt	Pitjantjatjara	Pitjantjatjara	Latin		False	Narrow	125
pms_latn_broad.tsv	pms	Piemontese	Piedmontese	Latin		False	Broad	866
pol_latn_broad.tsv	pol	Polish	Polish	Latin		False	Broad	122640
por_latn_bz_broad.tsv	por	Portuguese	Portuguese	Latin	Brazil	False	Broad	87106
por_latn_bz_broad_filtered.tsv	por	Portuguese	Portuguese	Latin	Brazil	True	Broad	86982
por_latn_bz_narrow.tsv	por	Portuguese	Portuguese	Latin	Brazil	False	Narrow	45174
por_latn_po_broad.tsv	por	Portuguese	Portuguese	Latin	Portugal	False	Broad	42558
por_latn_po_broad_filtered.tsv	por	Portuguese	Portuguese	Latin	Portugal	True	Broad	41306
por_latn_po_narrow.tsv	por	Portuguese	Portuguese	Latin	Portugal	False	Narrow	15783
pox_latn_broad.tsv	pox	Polabian	Polabian	Latin		False	Broad	306
ppl_latn_broad.tsv	ppl	Pipil	Pipil	Latin		False	Broad	266
pqm_latn_broad.tsv	pqm	Malecite-Passamaquoddy	Malecite-Passamaquoddy	Latin		False	Broad	148
pqm_latn_narrow.tsv	pqm	Malecite-Passamaquoddy	Malecite-Passamaquoddy	Latin		False	Narrow	155
pus_arab_broad.tsv	pus	Pushto	Pashto	Arabic		False	Broad	1269
rgn_latn_broad.tsv	rgn	Romagnol	Romagnol	Latin		False	Broad	266
rgn_latn_narrow.tsv	rgn	Romagnol	Romagnol	Latin		False	Narrow	618
rom_latn_broad.tsv	rom	Romany	Romani	Latin		False	Broad	184
ron_latn_broad.tsv	ron	Romanian	Romanian	Latin		False	Broad	5505
ron_latn_narrow.tsv	ron	Romanian	Romanian	Latin		False	Narrow	6276
ron_latn_narrow_filtered.tsv	ron	Romanian	Romanian	Latin		True	Narrow	6179
rup_latn_narrow.tsv	rup	Macedo-Romanian	Aromanian	Latin		False	Narrow	174
rus_cyrl_narrow.tsv	rus	Russian	Russian	Cyrillic		False	Narrow	395074
sah_cyrl_broad.tsv	sah	Yakut	Yakut	Cyrillic		False	Broad	219
san_deva_broad.tsv	san	Sanskrit	Sanskrit	Devanagari		False	Broad	11300
san_deva_narrow.tsv	san	Sanskrit	Sanskrit	Devanagari		False	Narrow	1027
san_shrd_broad.tsv	san	Sanskrit	Sanskrit	Sharada		False	Broad	153
sce_latn_broad.tsv	sce	Dongxiang	Dongxiang	Latin		False	Broad	128
scn_latn_broad.tsv	scn	Sicilian	Sicilian	Latin		False	Broad	1172
scn_latn_narrow.tsv	scn	Sicilian	Sicilian	Latin		False	Narrow	336
sco_latn_broad.tsv	sco	Scots	Scots	Latin		False	Broad	1153
sco_latn_narrow.tsv	sco	Scots	Scots	Latin		False	Narrow	429
sdc_latn_broad.tsv	sdc	Sassarese Sardinian	Sassarese	Latin		False	Broad	194
sga_latn_broad.tsv	sga	Old Irish (to 900)	Old Irish	Latin		False	Broad	2109
sga_latn_narrow.tsv	sga	Old Irish (to 900)	Old Irish	Latin		False	Narrow	979
shn_mymr_broad.tsv	shn	Shan	Shan	Myanmar		False	Broad	2262
sia_cyrl_broad.tsv	sia	Akkala Sami	Akkala Sami	Cyrillic		False	Broad	179
sid_latn_broad.tsv	sid	Sidamo	Sidamo	Latin		False	Broad	297
sin_sinh_broad.tsv	sin	Sinhala	Sinhalese	Sinhala		False	Broad	251
sin_sinh_narrow.tsv	sin	Sinhala	Sinhalese	Sinhala		False	Narrow	233
sjd_cyrl_broad.tsv	sjd	Kildin Sami	Kildin Sami	Cyrillic		False	Broad	187
skr_arab_broad.tsv	skr	Saraiki	Saraiki	Arabic		False	Broad	161
slk_latn_broad.tsv	slk	Slovak	Slovak	Latin		False	Broad	2751
slk_latn_narrow.tsv	slk	Slovak	Slovak	Latin		False	Narrow	4946
slr_latn_narrow.tsv	slr	Salar	Salar	Latin		False	Narrow	870
slv_latn_broad.tsv	slv	Slovenian	Slovene	Latin		False	Broad	4859
slv_latn_broad_filtered.tsv	slv	Slovenian	Slovene	Latin		True	Broad	4809
slv_latn_narrow.tsv	slv	Slovenian	Slovene	Latin		False	Narrow	116
sme_latn_broad.tsv	sme	Northern Sami	Northern Sami	Latin		False	Broad	3420
snd_arab_broad.tsv	snd	Sindhi	Sindhi	Arabic		False	Broad	119
spa_latn_ca_broad.tsv	spa	Spanish	Spanish	Latin	Castilian	False	Broad	74734
spa_latn_ca_broad_filtered.tsv	spa	Spanish	Spanish	Latin	Castilian	True	Broad	71012
spa_latn_ca_narrow.tsv	spa	Spanish	Spanish	Latin	Castilian	False	Narrow	74728
spa_latn_la_broad.tsv	spa	Spanish	Spanish	Latin	Latin America	False	Broad	74734
spa_latn_la_broad_filtered.tsv	spa	Spanish	Spanish	Latin	Latin America	True	Broad	71011
spa_latn_la_narrow.tsv	spa	Spanish	Spanish	Latin	Latin America	False	Narrow	74728
sqi_latn_broad.tsv	sqi	Albanian	Albanian	Latin		False	Broad	1552
sqi_latn_narrow.tsv	sqi	Albanian	Albanian	Latin		False	Narrow	851
srd_latn_broad.tsv	srd	Sardinian	Sardinian	Latin		False	Broad	770
srd_latn_narrow.tsv	srd	Sardinian	Sardinian	Latin		False	Narrow	110
srn_latn_broad.tsv	srn	Sranan Tongo	Sranan Tongo	Latin		False	Broad	186
srs_latn_broad.tsv	srs	Sarsi	Tsuut'ina	Latin		False	Broad	137
stq_latn_broad.tsv	stq	Saterfriesisch	Saterland Frisian	Latin		False	Broad	802
swa_latn_broad.tsv	swa	Swahili (macrolanguage)	Swahili	Latin		False	Broad	107
swe_latn_broad.tsv	swe	Swedish	Swedish	Latin		False	Broad	4557
swe_latn_narrow.tsv	swe	Swedish	Swedish	Latin		False	Narrow	474
syc_syrc_narrow.tsv	syc	Classical Syriac	Classical Syriac	Syriac		False	Narrow	6306
syl_sylo_broad.tsv	syl	Sylheti	Sylheti	Syloti Nagri		False	Broad	264
szl_latn_broad.tsv	szl	Silesian	Silesian	Latin		False	Broad	1370
tam_taml_broad.tsv	tam	Tamil	Tamil	Tamil		False	Broad	6179
tam_taml_narrow.tsv	tam	Tamil	Tamil	Tamil		False	Narrow	2171
tby_latn_narrow.tsv	tby	Tabaru	Tabaru	Latin		False	Narrow	101
tel_telu_broad.tsv	tel	Telugu	Telugu	Telugu		False	Broad	2321
tel_telu_narrow.tsv	tel	Telugu	Telugu	Telugu		False	Narrow	872
tft_latn_broad.tsv	tft	Ternate	Ternate	Latin		False	Broad	229
tft_latn_narrow.tsv	tft	Ternate	Ternate	Latin		False	Narrow	1027
tgk_cyrl_broad.tsv	tgk	Tajik	Tajik	Cyrillic		False	Broad	646
tgl_latn_broad.tsv	tgl	Tagalog	Tagalog	Latin		False	Broad	15756
tgl_latn_narrow.tsv	tgl	Tagalog	Tagalog	Latin		False	Narrow	17191
tha_thai_broad.tsv	tha	Thai	Thai	Thai		False	Broad	16391
tkl_latn_broad.tsv	tkl	Tokelau	Tokelauan	Latin		False	Broad	375
ton_latn_broad.tsv	ton	Tonga (Tonga Islands)	Tongan	Latin		False	Broad	164
tpw_latn_broad.tsv	tpw	Tupí	Old Tupi	Latin		False	Broad	209
tru_syrc_broad.tsv	tru	Turoyo	Turoyo	Syriac		False	Broad	144
tuk_latn_broad.tsv	tuk	Turkmen	Turkmen	Latin		False	Broad	137
tur_latn_broad.tsv	tur	Turkish	Turkish	Latin		False	Broad	6878
tur_latn_narrow.tsv	tur	Turkish	Turkish	Latin		False	Narrow	2016
tur_latn_narrow_filtered.tsv	tur	Turkish	Turkish	Latin		True	Narrow	1742
twf_latn_broad.tsv	twf	Northern Tiwa	Taos	Latin		False	Broad	135
tyv_cyrl_broad.tsv	tyv	Tuvinian	Tuvan	Cyrillic		False	Broad	498
tzm_tfng_broad.tsv	tzm	Central Atlas Tamazight	Central Atlas Tamazight	Tifinagh		False	Broad	694
tzm_tfng_narrow.tsv	tzm	Central Atlas Tamazight	Central Atlas Tamazight	Tifinagh		False	Narrow	728
uby_cyrl_narrow.tsv	uby	Ubykh	Ubykh	Cyrillic		False	Narrow	1306
uig_arab_ara_broad.tsv	uig	Uighur	Uyghur	Arabic		False	Broad	260
uig_arab_broad.tsv	uig	Uighur	Uyghur	Arabic		False	Broad	738
ukr_cyrl_narrow.tsv	ukr	Ukrainian	Ukrainian	Cyrillic		False	Narrow	32007
urd_arab_broad.tsv	urd	Urdu	Urdu	Arabic		False	Broad	3996
urk_thai_broad.tsv	urk	Urak Lawoi'	Urak Lawoi'	Thai		False	Broad	596
urk_thai_narrow.tsv	urk	Urak Lawoi'	Urak Lawoi'	Thai		False	Narrow	596
vie_latn_hanoi_narrow.tsv	vie	Vietnamese	Vietnamese	Latin	Hà Nội	False	Narrow	21670
vie_latn_hanoi_narrow_filtered.tsv	vie	Vietnamese	Vietnamese	Latin	Hà Nội	True	Narrow	21670
vie_latn_hcmc_narrow.tsv	vie	Vietnamese	Vietnamese	Latin	Hồ Chí Minh City	False	Narrow	21666
vie_latn_hcmc_narrow_filtered.tsv	vie	Vietnamese	Vietnamese	Latin	Hồ Chí Minh City	True	Narrow	20646
vie_latn_hue_narrow.tsv	vie	Vietnamese	Vietnamese	Latin	Huế	False	Narrow	21669
vie_latn_hue_narrow_filtered.tsv	vie	Vietnamese	Vietnamese	Latin	Huế	True	Narrow	21661
vol_latn_broad.tsv	vol	Volapük	Volapük	Latin		False	Broad	388
vol_latn_narrow.tsv	vol	Volapük	Volapük	Latin		False	Narrow	568
vot_latn_broad.tsv	vot	Votic	Votic	Latin		False	Broad	1803
vot_latn_narrow.tsv	vot	Votic	Votic	Latin		False	Narrow	1805
wau_latn_broad.tsv	wau	Waurá	Wauja	Latin		False	Broad	152
wbk_latn_broad.tsv	wbk	Waigali	Waigali	Latin		False	Broad	109
wiy_latn_broad.tsv	wiy	Wiyot	Wiyot	Latin		False	Broad	152
wlm_latn_broad.tsv	wlm	Middle Welsh	Middle Welsh	Latin		False	Broad	153
wln_latn_broad.tsv	wln	Walloon	Walloon	Latin		False	Broad	2517
xal_cyrl_broad.tsv	xal	Kalmyk	Kalmyk	Cyrillic		False	Broad	304
xho_latn_narrow.tsv	xho	Xhosa	Xhosa	Latin		False	Narrow	879
xsl_latn_broad.tsv	xsl	South Slavey	South Slavey	Latin		False	Broad	115
ybi_deva_broad.tsv	ybi	Yamphu	Yamphu	Devanagari		False	Broad	136
ycl_latn_narrow.tsv	ycl	Lolopo	Lolopo	Latin		False	Narrow	109
yid_hebr_broad.tsv	yid	Yiddish	Yiddish	Hebrew		False	Broad	2962
yid_hebr_narrow.tsv	yid	Yiddish	Yiddish	Hebrew		False	Narrow	334
yor_latn_broad.tsv	yor	Yoruba	Yoruba	Latin		False	Broad	4847
yrk_cyrl_narrow.tsv	yrk	Nenets	Tundra Nenets	Cyrillic		False	Narrow	196
yue_hani_broad.tsv	yue	Yue Chinese	Cantonese	Han		False	Broad	99100
yue_latn_broad.tsv	yue	Yue Chinese	Cantonese	Latin		False	Broad	388
yux_cyrl_narrow.tsv	yux	Southern Yukaghir	Southern Yukaghir	Cyrillic		False	Narrow	193
zha_latn_broad.tsv	zha	Zhuang	Zhuang	Latin		False	Broad	1367
zho_hani_broad.tsv	zho	Chinese	Chinese	Han		False	Broad	154786
zho_latn_broad.tsv	zho	Chinese	Chinese	Latin		False	Broad	177
zom_latn_broad.tsv	zom	Zou	Zou	Latin		False	Broad	150
zul_latn_broad.tsv	zul	Zulu	Zulu	Latin		False	Broad	1736
zza_latn_narrow.tsv	zza	Zaza	Zazaki	Latin		False	Narrow	200
